id,label_en,label_es,node_type,node_subtype,parent_event,sequence_value,year_start,year_end,mapped,longitude,latitude,country,source_location,target_location,directed_location,source_other,target_other,directed_other,description_en,description_es,panel_html,citation,source,page
san_jose,San José,San José,place,city,,,,,TRUE,-84.0907,9.9281,Costa Rica,,,,,,,,,,,,
alajuela,Alajuela,Alajuela,place,city,,,,,TRUE,-84.2141,10.0162,Costa Rica,,,,,,,,,,,,
turrialba,Turrialba,Turrialba,place,city,,,,,TRUE,-83.6819,9.9003,Costa Rica,,,,,,,,,,,,
puerto_limon,Limón Port,Puerto Limón,infrastructure,port,,,,,TRUE,-83.0357,9.9922,Costa Rica,,,,,,,,,,,,
limon,Limón,Limón,place,city,,,,,TRUE,-83.0338,9.9902,Costa Rica,,,,,,,,,,,,
boston,Boston,Boston,place,city,,,,,TRUE,-71.0589,42.3601,United States,,,,,,,,,,,,
port_boston,Port of Boston,Puerto de Boston,infrastructure,port,,,,,TRUE,-71.0495,42.3603,United States,,,,,,,,,,,,
siquirres,Siquirres,Siquirres,place,city,,,,,TRUE,-83.5069,10.097,Costa Rica,,,,,,,,,,,,
port_new_orleans,Port of New Orleans,Puerto de Nueva Orleans,infrastructure,port,,,,,TRUE,-90.0715,29.9499,United States,,,,,,,,,,,,
atlantic_railroad,Atlantic Railroad,Ferrocarril al Atlántico,infrastructure,railroad,,,1890,,TRUE,-83.3,10.05,Costa Rica,,,,,,,Owned by Minor C. Keith through a 99-year concession.,Propiedad de Minor C. Keith por concesión de 99 años.,TRUE,,,
limon_rio_banano_railroad,Limón–Río Banano Railroad,Ferrocarril de Limón a Río Banano,infrastructure,railroad,,,1892,,TRUE,-83.15,10.02,Costa Rica,,,,,,,Owned by the Northern Railway Co.,Propiedad de la Northern Railway Co.,,,,
zent_railroad,Zent Railroad,Ferrocarril Zent,infrastructure,railroad,,,1894,,TRUE,-83.4,10.08,Costa Rica,,,,,,,Owned by the Northern Railway Co.,Propiedad de la Northern Railway Co.,,,,
la_luisa_railroad,La Luisa Railroad,Ramal La Luisa,infrastructure,railroad,,,1900,,TRUE,-83.45,10.1,Costa Rica,,,,,,,Owned by the Northern Railway Co.,Propiedad de la Northern Railway Co.,,,,
pacific_railroad,Pacific Railroad,Ferrocarril al Pacífico,infrastructure,railroad,,,1910,,TRUE,-84.5,9.9,Costa Rica,,,,,,,Publicly-owned.,Propiedad del estado.,,,,
26_millas,26 Millas,26 Millas,place,worker_site,,,1934,1934,TRUE,-83.54,10.1,Costa Rica,,,,,,,Striking workers' headquarters during the Banana Strike of 1934.,Cuartel general de los huelguistas durante la Huelga Bananera de 1934.,,,cerdas_1984,87
finca_los_angeles,Finca Los Angeles,Finca Los Angeles,place,plantation,,,,,TRUE,-83.545,10.105,Costa Rica,,,,,,,Owned by Salomón Esna Miguel.,Propiedad de Salomón Esna Miguel.,,,cerdas_1984,87
madre_de_dios,Madre de Dios,Madre de Dios,place,,,,,,TRUE,-83.62,10.12,Costa Rica,,,,,,,,,,,,
guapiles,Guápiles,Guápiles,place,city,,,,,TRUE,-83.7919,10.2177,Costa Rica,,,,,,,,,,,,
dos_bocas,Dos Bocas,Dos Bocas,place,,,,,,TRUE,-83.58,10.15,Costa Rica,,,,,,,,,,,,
la_fortuna,La Fortuna Plantation,Finca La Fortuna,place,plantation,,,,,TRUE,-83.56,10.09,Costa Rica,,,,,,,,,,,,
la_perla,La Perla Plantation,Finca La Perla,place,plantation,,,,,TRUE,-83.55,10.08,Costa Rica,,,,,,,,,,,,
sara,Sara Plantation (25 Millas),Finca Sara (25 Millas),place,plantation,,,,,TRUE,-83.535,10.095,Costa Rica,,,,,,,,,,,,
24_millas,24 Millas,24 Millas,place,plantation,,,,,TRUE,-83.53,10.085,Costa Rica,,,,,,,,,,,,
finca_costa_rica,Costa Rica Plantation,Finca Costa Rica,place,plantation,,,,,TRUE,-82.9,9.55,Costa Rica,,,,,,,"Furthermost plantation in the Atlantic region of Costa Rica, next to the Sixaola River.","Finca más remota en la región Atlántica, junto al río Sixaola.",,,cerdas_1984,86–87
1934_banana_strike,Banana Strike of 1934,Huelga Bananera de 1934,event,strike,TRUE,,,,TRUE,-83.54,10.1,Costa Rica,,,,,,,,,TRUE,,,
solidarity_strike,Solidarity Strike,Huelga de Solidaridad,event,strike,1934_banana_strike,4,,,TRUE,-83.6819,9.9003,Costa Rica,,,,,,,,,,,,
ufco,United Fruit Company,United Fruit Company,institution,company,,,1899,1984,FALSE,,,,,,,,,,,,TRUE,,,
irca,International Railways of Central America,FFCC Internacionales de Centro America,institution,company,,,1904,1974,FALSE,,,,,,,,,,,,,,,
boston_fruit_co,Boston Fruit Company,Boston Fruit Company,institution,company,,,1885,1899,FALSE,,,,,,,,,,,,,,,
boston_fruit_hq,Boston Fruit Company HQ,Oficinas de Boston Fruit Company,infrastructure,office,,,1885,1899,TRUE,42.360278,-71.049722,United States,,,,,,,,,,,,
northern_railway_co,Northern Railway Company,Northern Railway Company,institution,company,,,,,FALSE,,,Costa Rica,,,,,,,,,,,,
costa_rica_gov,Executive Branch of the Costa Rican Government,Poder Ejecutivo de Costa Rica,institution,state,,,,,FALSE,,,Costa Rica,,,,,,,,,,,,
fuerza_publica,Costa Rican Police Forces,Fuerza Pública de Costa Rica,institution,state,,,,,FALSE,,,Costa Rica,,,,,,,,,,,,
poder_judicial_cr,Judicial Branch of the Costa Rican Government,Poder Judicial de Costa Rica,institution,state,,,,,FALSE,,,Costa Rica,,,,,,,,,,,,
partido_comunista_cr,Communist Party of Costa Rica,Partido Comunista de Costa Rica,institution,organization,,,1931,,FALSE,,,Costa Rica,,,,,,,,,,,,
minor_keith,Minor C. Keith,Minor C. Keith,person,ufco_manager,,,,,FALSE,,,,,,,,,,Vice President of the United Fruit Company.,Vice-presidente de la United Fruit Company.,TRUE,,,
chittenden,George P. Chittenden,George P. Chittenden,person,ufco_manager,,,,,FALSE,,,,,,,,,,General Manager of the United Fruit Company,,,,,
manuel_mora,Manuel Mora,Manuel Mora,person,politician,,,,,FALSE,,,Costa Rica,,,,,,,,,,,,
calufa,Carlos Luis Fallas,Carlos Luis Fallas,person,organizer,,,,,FALSE,,,Costa Rica,,,,,,,,,,,,
fran_jimenez_guerra,Fran Jiménez Guerra,Fran Jiménez Guerra,person,organizer,,,,,FALSE,,,Costa Rica,,,,,,,Plantation owner.,Dueño de finca bananera.,,,cerdas_1984,86
arturo_volio,Arturo Volio,Arturo Volio,person,plantation_owner,,,,,FALSE,,,Costa Rica,,,,,,,Plantation owner.,Dueño de finca bananera.,,,cerdas_1984,86
villafranca,Villafranca,Villafranca,person,plantation_owner,,,,,FALSE,,,Costa Rica,,,,,,,Plantation owner of Los Angeles Plantation.,Dueño de Finca Los Angeles.,,,cerdas_1984,87
salomon_esna_miguel,Salomón Esna Miguel,Salomón Esna Miguel,person,plantation_owner,,,,,FALSE,,,Costa Rica,,,,,,,,,,,,
cerdas_1984,Cerdas 1984,Cerdas 1984,source,worker_testimony,,,1984,1984,TRUE,-84.0907,9.9281,Costa Rica,,,,,,,,,TRUE,"Cerdas Mora, Jaime. ""La huelga bananera de 1934. Anécdotas y enseñanzas de uno de sus dirigentes principales."" Revista ABRA 3, no. 2 (1984)",cerdas_1984,87
ufco_papers_429,"Letter from P. Góngora to Mr. Sheehy (Nov. 22, 1939)","Carta de P. Góngora a Mr. Sheehy (22 de Nov., 1939)",source,UFCo_comms,,,1939,1939,TRUE,-83.0338,9.9902,Costa Rica,,,,,,,,,,,,
prowhite_committee,"Instructions to abstain from responding to the ""Pro-White Costarricans Committee""","Instrucciones de abstenerse de responder al ""Comité de Costarricenses Pro-Blancos""",information,correspondence,,,1939,1939,FALSE,,,Costa Rica,san_jose,limon,TRUE,p_gongora,sheehy,TRUE,22-Nov-39,"22 de Noviembre, 1939",,,ufco_papers_429,
calufa_deportation,Carlos Luis Fallas's Deportation,Deportación de Carlos Luis Fallas,event,legal,1934_banana_strike,3,,,FALSE,,,Costa Rica,alajuela,limon,TRUE,poder_judicial_cr,calufa,,Carlos Luis Fallas was deported to Limón.,Carlos Luis Fallas es deportado a Limón.,,,cerdas_1984,86
malaria_remote_1934,Malaria Outbreak In Remote Plantations,Paludismo en las fincas remotas,event,disease,1934_banana_strike,0,1934,1934,TRUE,-82.9,9.55,Costa Rica,,,,,,,,,,,cerdas_1984,87
malaria_guapiles_1934,Malaria Outbreak Near Guápiles,Paludismo en las fincas de Guápiles,event,disease,1934_banana_strike,0,1934,1934,TRUE,-83.7919,10.2177,Costa Rica,,,,,,,,,,,cerdas_1984,87
sick_workers_1934_001,Sick Workers Sent to Limón's Hospital,Obreros enfermos son enviados al Hospital de Limón,trade,labor,1934_banana_strike,2,1934,1934,FALSE,,,Costa Rica,malaria_remote_1934,limon,TRUE,,,,Sick workers are sent to Limón's Hospital.,Obreros enfermos son enviados al Hospital de Limón.,,,cerdas_1984,87
sick_workers_1934_002,Sick Workers Sent to Siquirres,Obreros enfermos son enviados a Siquirres,trade,labor,1934_banana_strike,2,1934,1934,FALSE,,,Costa Rica,malaria_guapiles_1934,siquirres,TRUE,,,,"Sick workers are sent to Siquirres, where there's only a dispensary providing quinine.","Obreros enfermos son enviados a Siquirres, donde sólo hay un dispensario que suministra quinina.",,,cerdas_1984,87
habeas_corpus_1934,Habeas Corpus for Arrested Workers,Habeas corpus de huelguistas arrestados,event,legal,1934_banana_strike,5,1934,1934,FALSE,,,Costa Rica,worker_arrests_1934,siquirres,TRUE,manuel_mora,poder_judicial,,Manuel Mora relies on his congressional immunity to avoid arrest and invoke habeas corpus in the Siquirres court to release workers arrested during the Banana Strike of 1934.,Manuel Mora recurre a su inmunidad legislativa para evadir el arresto y presentar recursos de habeas corpus en el Tribunal de Siquirres para liberar a los huelguistas arrestados durante la Huelga Bananera de 1934.,,,cerdas_1984,88
worker_arrests_1934,Arrest of Striking Workers,Arresto de huelguistas,event,coercion,1934_banana_strike,4,1934,1934,TRUE,-83.54,10.1,Costa Rica,,,TRUE,fuerza_publica,1934_banana_strike,,"To stop the strike of 1934, the mayor orders the police to arrest striking workers as they transit public roads.","Para detener la huelga de 1934, el Gobierno de Costa Rica ordena a la Fuerza Pública detener a los huelguistas que transiten por los caminos públicos.",,,cerdas_1984,88
police_bananas_1934_001,Police Cut and Gather Bananas,La Fuerza Pública corta y recoge el banano,event,coercion,1934_banana_strike,6,1934,1934,FALSE,,,Costa Rica,limon,26_millas,TRUE,fuerza_publica,1934_banana_strike,,Police forces are sent to cut and collect bananas to replace the workers and contain the strike.,La Fuerza Pública es enviada a cortar y recoger banano para reemplazar a los huelguistas y contener la huega.,,,cerdas_1984,88
police_bananas_1934_002,Workers Destroy Bananas,Obreros destruyen banano,event,violence,1934_banana_strike,7,1934,1934,FALSE,,,Costa Rica,26_millas,limon,TRUE,1934_banana_strike,fuerza_publica,,"Workers respond by destroying 10 hectares of bananas at  night, preventing any good bananas from reaching Limón.","Los huelguistas responden destruyendo 10 hectáreas de banano en la noche, evitando que llegue banano bueno a Limón.",,,cerdas_1984,88
fallas_deposition_1934,Deposition of Carlos Luis Fallas: Labor and Sanitary Conditions,Deposición de Carlos Luis Fallas: Condiciones laborales y sanitarias,event,legal,1934_banana_strike,8,1934,1934,FALSE,,,Costa Rica,26_millas,palacio_nacional,TRUE,,,,"Carlos Luis Fallas traveled from the Atlantic zone to San José to provide testimony before the government. Appearing at the National Palace, Fallas presented a formal account of the workers' precarious living conditions, specifically citing a daily wage of ₡4 and a 50% labor incapacity rate due to endemic malaria.","Carlos Luis Fallas se trasladó desde la zona atlántica hasta San José para brindar testimonio ante el gobierno. Al comparecer en el Palacio Nacional, Fallas presentó un informe formal sobre las precarias condiciones de vida de los trabajadores, citando específicamente un salario diario de ₡4 y una tasa de incapacidad laboral del 50% debido a la malaria endémica.",,,cerdas_1984,89
palacio_nacional,Palacio Nacional (1858–1955),Palacio Nacional (1858–1955),place,state,,,1855,1958,TRUE,-84.085564,9.935447,Costa Rica,,,,,,,"Established as the primary seat of the Costa Rican State, this Neoclassical structure housed the Legislative Power and the Secretariats of State (Executive Branch). For 103 years, it functioned as the centralized administrative hub for national governance until its demolition in 1958 to facilitate the construction of the Central Bank of Costa Rica.","Establecido como la sede principal del Estado costarricense, esta estructura neoclásica albergó el Poder Legislativo y las Secretarías de Estado (Poder Ejecutivo). Durante 103 años, funcionó como el núcleo administrativo centralizado del gobierno nacional hasta su demolición en 1958 para dar paso a la construcción del Banco Central de Costa Rica.",,,,
jimenez_meetings_1934,Executive Mediation of the 1934 Banana Strike,Mediación del Poder Ejecutivo en la huelga bananera de 1934,event,mediation,1934_banana_strike,9,1934,1934,TRUE,-84.085564,9.935447,Costa Rica,,,,,,,"The Executive Power, headed by President Ricardo Jiménez Oreamuno, convened a series of consultative meetings at the National Palace to mediate the 1934 banana strike. During these sessions, the Presidency interrogated key stakeholders, including plantation owner Arturo Volio. Upon Volio’s admission of the prevailing labor conditions, the Executive formally attributed responsibility for the industrial action to the banana companies’ management practices.","El Poder Ejecutivo, encabezado por el presidente Ricardo Jiménez Oreamuno, convocó una serie de reuniones consultivas en el Palacio Nacional para mediar en la huelga bananera del Atlántico de 1934. Durante estas sesiones, la Presidencia interrogó a actores clave, incluido el finquero Arturo Volio. Tras la admisión de Volio sobre las condiciones laborales imperantes, el Ejecutivo atribuyó formalmente la responsabilidad del conflicto a las prácticas de gestión de las empresas bananeras.",,,cerdas_1984,89
santos_inspection_1934,Ministerial Site Inspection of 26 Millas,Inspección ministerial en 26 Millas,event,mediation,1934_banana_strike,9,1934,1934,FALSE,,,Costa Rica,palacio_nacional,26_millas,TRUE,,,,"The Minister of Government and Labor, Santos León Herrera, accompanied by the Chief of the Labor Section, Zayas Bazán, conducted a field inspection at the 26 Millas plantation during the absence of Carlos Luis Fallas. The visit functioned as a direct observation of the living quarters (ranchones), where the delegation encountered flooded dwellings and active cases of malaria.
The event is noted for its impact on the Minister’s legislative perspective. After witnessing the conditions and the confinement of workers, León Herrera explicitly conceded a divergence between ""legality"" and ""justice.""","El Ministro de Gobernación y Trabajo, Santos León Herrera, acompañado por el Jefe de la Sección de Trabajo, Zayas Bazán, realizó una inspección de campo en la finca 26 Millas durante la ausencia de Carlos Luis Fallas. La visita funcionó como una observación directa de los alojamientos (ranchones), donde la delegación constató viviendas inundadas y casos activos de malaria.
El evento se destaca por su impacto en la perspectiva legislativa del Ministro. Tras presenciar las condiciones y el confinamiento de los trabajadores, León Herrera admitió explícitamente una divergencia entre lo ""legal"" y lo ""justo"".",,,cerdas_1984,89
sabotage_1934,Countermanded Order of Sabotage,Contraorden de sabotaje,event,violence,1934_banana_strike,10,1934,1934,FALSE,,,Costa Rica,,,,,,,"During a period of heightened tension in the 1934 strike, Carlos Luis Fallas—acting on unverified intelligence regarding approaching authorities—issued a written order to destroy a bridge to impede troop movement. Jaime Cerdas, co-leader of the movement, disputed the decision and unilaterally issued a countermand, nullifying the sabotage order without Fallas's immediate knowledge.","Durante un periodo de alta tensión en la huelga de 1934, Carlos Luis Fallas—actuando bajo inteligencia no verificada sobre el avance de las autoridades—emitió una orden escrita para destruir un puente y así impedir el movimiento de tropas. Jaime Cerdas, codirigente del movimiento, cuestionó la decisión y emitió unilateralmente una contraorden, anulando el sabotaje sin el conocimiento inmediato de Fallas.",,,cerdas_1984,90
banana_massacre,Banana Massacre,Masacre de las bananeras,event,strike,,,1928,1928,TRUE,-74.24765,11.00703,Colombia,,,,,,,"A strike that began on November 12, 1928, results in the massacre of 47–2,000 people by the Colombian Army.",,,,,
panama_strike_1960,First Panamanian Banana Strike,Primera huelga bananera panameña,event,strike,,,1960,1960,TRUE,-79.68,9.08,Panama,,,,,,,,,,,,
panama_strike_1964,Second Panamanian Banana Strike,Segunda huelga bananera panameña,event,strike,,,1964,1964,TRUE,-82.86206,8.27775,Panama,,,,,,,,,,,,
sample_shipment,Sample Shipment,Ejemplo de cargamento,trade,shipment,,,1934,1934,FALSE,,,,puerto_limon,port_boston,TRUE,,,,,,,,,
sample_shipment_2,Sample Shipment,Ejemplo de cargamento,trade,shipment,,,1934,1934,FALSE,,,,puerto_limon,port_boston,TRUE,,,,,,,,,
sample_shipment_3,Sample Shipment,Ejemplo de cargamento,trade,shipment,,,1934,1934,FALSE,,,,puerto_limon,port_new_orleans,TRUE,,,,,,,,,
sample_capital,Sample Capital Flow,Ejemplo de flujo de capital,trade,capital,,,1934,1934,FALSE,,,,boston,puerto_limon,TRUE,,,,,,,,,
sample_migration,Sample Migration,Ejemplo de migración,trade,labor,,,1934,1934,FALSE,,,,kingston,puerto_limon,TRUE,,,,,,,,,
kingston,Kingston,Kingston,place,city,,,,,TRUE,-76.792,17.9927,Jamaica,,,,,,,,,,,,
